name;position
Millar, Mr. Thomas;engineer
Ervine, Mr. Albert George;engineer
Jupe, Mr. Herbert;engineer
Kelly, Mr. William;engineer
Middleton, Mr. Alfred Pirrie;engineer
Kemp, Mr. Thomas Hulman;engineer
Harrison, Mr. Norman;engineer
Chisnall, Mr. George Alexander;engineer
Sloan, Mr. Peter;engineer
Bell, Mr. Joseph;engineer
Creese, Mr. Henry Philip;engineer
Anderson, Mr. James;deck_crew
Anderson, Mr. John;deck_crew
Archer, Mr. Ernest Edward;deck_crew
Bailey, Mr. Joseph Henry;deck_crew
Bradley, Mr. T.;deck_crew
Brice, Mr. Walter T.;deck_crew
Bright, Mr. Arthur John;deck_crew
Buley, Mr. Edward John;deck_crew
Clench, Mr. Frederick;deck_crew
Clench, Mr. George James;deck_crew
Couch, Mr. Frank;deck_crew
Davis, Mr. Stephen James;deck_crew
Evans, Mr. Alfred Frank;deck_crew
Evans, Mr. Frank Oliver;deck_crew
Fleet, Mr. Frederick;deck_crew
Foley, Mr. John;deck_crew
Forward, Mr. James;deck_crew
Haines, Mr. Albert M.;deck_crew
Harder, Mr. William;deck_crew
Hemming, Mr. Samuel Ernest;deck_crew
Hichens, Mr. Robert;deck_crew
Hogg, Mr. George Alfred;deck_crew
Holman, Mr. Harry;deck_crew
Hopkins, Mr. Robert John;deck_crew
Horswill, Mr. Albert Edward James;deck_crew
Humphreys, Mr. Sidney James;deck_crew
Hutchinson, Mr. John Hall;deck_crew
Jewell, Mr. Archie;deck_crew
Jones, Mr. Thomas William;deck_crew
King, Mr. Thomas W.;deck_crew
Lee, Mr. Reginald Robinson;deck_crew
Lucas, Mr. William A.;deck_crew
Lyons, Mr. William Henry;deck_crew
Matherson, Mr. David;deck_crew
Mathais, Mr. Montague Vincent;deck_crew
Maxwell, Mr. John;deck_crew
McCarthy, Mr. William;deck_crew
McGough, Mr. James R.;deck_crew
Moore, Mr. George Alfred;deck_crew
Nichols, Mr. Alfred;deck_crew
O'Loughlin, Dr. William Francis Norman;deck_crew
Olliver, Mr. Alfred;deck_crew
Osman, Mr. Frank;deck_crew
Pascoe, Mr. Charles H.;deck_crew
Perkis, Mr. Walter John;deck_crew
Peters, Mr. William Chapman;deck_crew
Poingdestre, Mr. John Thomas;deck_crew
Rowe, Mr. George Thomas;deck_crew
Sawyer, Mr. Robert James;deck_crew
Scarrott, Mr. Joseph George;deck_crew
Simpson, Dr. John Edward;deck_crew
Smith, Mr. William;deck_crew
Symons, Mr. George Thomas Macdonald;deck_crew
Tamlyn, Mr. Frederick;deck_crew
Taylor, Mr. C.;deck_crew
Terrell, Mr. Bertram;deck_crew
Terrell, Mr. Bertram;deck_crew
Vigott, Mr. Philip Francis;deck_crew
Weller, Mr. William Clifford;deck_crew
Wynn, Mr. Walter;deck_crew
Allsop, Mr. Alfred Samuel;Electrician
Foster, Mr. A.;engineer
Newman, Mr. Charles Thomas;engineer
Rudd, Mr. Henry;engineer
Millar, Mr. Robert;engineer
Abrams, Mr. William;fireman
Adams, Mr. R.;fireman
Allen, Mr. Henry;fireman
Bailey, Mr. George W.;fireman
Barlow, Mr. Charles;fireman
Barnes, Mr. Charles;fireman
Barnes, Mr. Frederick;fireman
Barrett, Mr. Frederick William;fireman
Beauchamp, Mr. George William;fireman
Bendell, Mr. F.;fireman
Bennett, Mr. George Alfred;fireman
Benville, Mr. E.;fireman
Bessant, Mr. William Edward;fireman
Biddlecombe, Mr. Charles;fireman
Biggs, Mr. Edward Charles;fireman
Black, Mr. Alexander;fireman
Black, Mr. D.;fireman
Blackman, Mr. H.;fireman
Blake, Mr. Thomas;fireman
Blaney, Mr. James;fireman
Blann, Mr. Eustace Horatius;fireman
Bradley, Mr. Patrick Joseph;fireman
Brown, Mr. John;fireman
Brown, Mr. Joseph James;fireman
Burroughs, Mr. Arthur;fireman
Burton, Mr. Edward John;fireman
Butt, Mr. William John;fireman
Canner, Mr. J.;fireman
Carter, Mr. James;fireman
Cherrett, Mr. William Victor;fireman
Chorley, Mr. John;fireman
Clark, Mr. William;fireman
Collins, Mr. Samuel;fireman
Combes, Mr. George;fireman
Cooper, Mr. Harry;fireman
Corcoran, Mr. Dennis;fireman
Couper, Mr. Robert;fireman
Crimmins, Mr. James;fireman
Cross, Mr. W.;fireman
Cunningham, Mr. B.;fireman
Curtis, Mr. Arthur;fireman
Diaper, Mr. J.;fireman
Dilley, Mr. John;fireman
Doel, Mr. Frederick;fireman
Doyle, Mr. Laurence;fireman
Dymond, Mr. Frank;fireman
Flarty, Mr. Edward;fireman
Fraser, Mr. James;fireman
Geer, Mr. Alfred Ernest;fireman
Godley, Mr. George;fireman
Golder, Mr. Martin W.;fireman
Gradidge, Mr. Ernest E.;fireman
Graham, Mr. Thomas Gibson;fireman
Hagan, Mr. John;fireman
Hall, Mr. Joseph;fireman
Hallett, Mr. George;fireman
Hands, Mr. Bernard;fireman
Hannam, Mr. George;fireman
Harris, Mr. Edward;fireman
Harris, Mr. Frederick;fireman
Hart, Mr. James;fireman
Head, Mr. Arthur;fireman
Hunt, Mr. T.;fireman
Hurst, Mr. Charles;fireman
Hurst, Walter;fireman
Instance, T.;fireman
Jackopson, Mr. John Henry;fireman
James, Mr. Thomas;fireman
Jarvis, Mr. William;fireman
Joas, Mr. N.;fireman
Judd, Mr. Charles E.;fireman
Kaspar, Mr. Franz V.;fireman
Kemish, Mr. George;fireman
Kerr, Mr. Thomas;fireman
Kinsella, Mr. Louis;fireman
Lahy, Mr. Thomas E.;fireman
Light, Mr. Charles;fireman
Light, Mr. W.;fireman
Lindsay, Mr. William Charles;fireman
Loyd, Mr. W.;fireman
Major, Mr. William;fireman
Marett, Mr. George John;fireman
Marsh, Mr. Frederick Charles;fireman
Mason, Mr. Frank Archibald Robert;fireman
May Jr., Mr. Arthur William;fireman
Mayzes, Mr. Thomas;fireman
McAndrew, Mr. Thomas Patrick;fireman
McAndrews, Mr. William;fireman
McCastlen, Mr. William;fireman
McCubbin, Mr. Lee;fireman
McGarvey, Mr. Edward Joseph;fireman
McGaw, Mr. Errol Victor;fireman
McGregor, Mr. J. (John Brown Niven);fireman
McQuillan, Mr. William;fireman
McRae, Mr. William Alexander;fireman
Milford, Mr. George;fireman
Mintram, Mr. William;fireman
Moore, Mr. John J.;fireman
Morgan, Mr. Thomas A.;fireman
Murdock, Mr. William;fireman
Nettleton, Mr. George Walter;fireman
Noon, Mr. John;fireman
Norris, Mr. James;fireman
Noss, Mr. Bertram Arthur;fireman
Noss, Mr. Henry;fireman
Nutbean, Mr. William;fireman
Oliver, Mr. H.;fireman
Othen, Mr. Charles;fireman
Paice, Mr. Richard Charles John;fireman
Painter, Mr. Charles;fireman
Painter, Mr. Frank;fireman
Pearce, Mr. John;fireman
Podesta, Mr. John;fireman
Pond, Mr. George;fireman
Priest, Mr. Arthur J.;fireman
Pusey, Mr. William Robert Holland;fireman
Reeves, Mr. Robert;fireman
Rice, Mr. Charles;fireman
Richards, Mr. Joseph James;fireman
Rickman, Mr. George Albert;fireman
Roberts, Mr. Robert George;fireman
Rutter, Mr. Sidney;fireman
Sangster, Mr. Charles Edward;fireman
Saunders, Mr. Thomas;fireman
Saunders, Mr. W.;fireman
Scott, Mr. Archibald;fireman
Self, Mr. Edward;fireman
Senior, Mr. Henry;fireman
Shea, Mr. Thomas;fireman
Shiers, Mr. Alfred;fireman
Smither, Mr. Harry James;fireman
Snellgrove, Mr. George;fireman
Sparkman, Mr. Henry;fireman
Stanbrook, Mr. Augustus;fireman
Street, Mr. Henry Albert;fireman
Stubbs, Mr. James Henry;fireman
Sullivan Mr. S.;fireman
Taylor, Mr. James;fireman
Taylor, Mr. John;fireman
Taylor, Mr. T.;fireman
Taylor, Mr. William Henry;fireman
Thomas, Mr. James;fireman
Thompson, Mr. John William;fireman
Thresher, Mr. George;fireman
Tizard, Mr. Arthur Leopold;fireman
Triggs, Mr. Robert;fireman
Turley, Mr. Richard;fireman
van der Brugge, Mr. Wessel Adrianus;fireman
Vear, Mr. Henry;fireman
Vear, Mr. W.;fireman
Wardner, Mr. Frederick Albert;fireman
Wateridge, Mr. Edward Lewis;fireman
Watson, Mr. W.;fireman
Williams, Mr. Samuel Solomon;fireman
Witcher, Mr. Alfred;fireman
Witt, Mr. Henry Dennis;fireman
Wyeth, Mr. James Robert;fireman
Young, Mr. Francis James;fireman
May Sr., Mr. Arthur William;engineer
Knowles, Mr. Thomas;engineer
Baines, Mr. Richard;Greaser
Bannon, Mr. John;Greaser
Beattie, Mr. Joseph;Greaser
Bott, Mr. W.;Greaser
Briant, Mr. Albert;Greaser
Castleman, Mr. Edward;Greaser
Couch, Mr. Joseph Henry;Greaser
Eastman, Mr. Charles;Greaser
Fay, Mr. Thomas;Greaser
Godwin, Mr. Frederick Charles;Greaser
Goree, Mr. Frank;Greaser
Gregory, Mr. David;Greaser
Jago, Mr. Joseph;Greaser
Jukes, Mr. James;Greaser
Kearl, Mr. Charles H.;Greaser
Kelly, Mr. James;Greaser
Kenchenten, Mr. Frederick;Greaser
Kirkham, Mr. James;Greaser
McInerney, Mr. Thomas;Greaser
Moores, Mr. Richard Henry;Greaser
Morris, Mr. Arthur;Greaser
Olive, Mr. Charles;Greaser
Palles, Mr. Thomas Henry Michael;Greaser
Phillips, Mr. G.;Greaser
Pitfield, Mr. William James;Greaser
Prangnell, Mr. George;Greaser
Ranger, Mr. Thomas G.;Greaser
Scott, Mr. Frederick;Greaser
Self, Mr. Alfred Henry;Greaser
Stafford, Mr. Michael (Albert Briant);Greaser
Tozer, Mr. James;Greaser
Veal, Mr. Arthur;Greaser
White, Mr. Alfred;Greaser
Woodford, Mr. Frederick;Greaser
Andrews, Mr. Thomas;guarantee group
Campbell, Mr. William Henry;guarantee group
Chisholm, Mr. Roderick Robert Crispin;guarantee group
Cunningham, Mr. Alfred Fleming;guarantee group
"Frost, Mr. Anthony Wood ""Artie""";guarantee group
Knight, Mr. Robert J.;guarantee group
"Parkes, Mr. Francis ""Frank""";guarantee group
Parr, Mr. William Henry Marsh;guarantee group
Watson, Mr. Ennis Hastings;guarantee group
Dodd, Mr. Edward Charles;engineer
Coy, Mr. Francis Ernest George;engineer
Dodds, Mr. Henry Watson;engineer
Ward, Mr. Arthur;engineer
Harvey, Mr. Herbert Gifford;engineer
Shepherd, Mr. Johnathan;engineer
Fraser, Mr. James;engineer
Mackie, Mr. William Dickson;engineer
Smith, Mr. James Muil;engineer
Hesketh, Mr. John Henry;engineer
McReynolds, Mr. William;engineer
Barrett, Mr. Frederick;fireman
Davies, Mr. Thomas;fireman
Ferris, Mr. William;fireman
Ford, Mr. Thomas;fireman
Hendrickson, Mr. Charles Osker;fireman
Keegan, Mr. James;fireman
Mason, Mr. James;fireman
Mayo, Mr. William Peter;fireman
Pugh, Mr. Percy;fireman
Small, Mr. William;fireman
Threlfall, Mr. Thomas;fireman
Ward, Mr. Joseph;fireman
Webber, Mr. Francis Albert;fireman
Blake, Mr. Seaton;Mess Steward
Coleman, Mr. John;Mess Steward
Fitzpatrick, Mr. Charles W.N.;Mess Steward
Gumery, Mr. George;Mess Steward
Smith, Commander Edward John;officer
Wilde, Lieutenant Henry Tingle;officer
Murdoch, Lieutenant William McMaster;officer
Lightoller, Sub-Lieutenant Charles Herbert;officer
Pitman, Mr. Herbert John;officer
Boxhall, Sub-Lieutenant Joseph Groves;officer
Lowe, Sub-Lieutenant Harold Godfrey;officer
Moody, Mr. James Paul;officer
Brailey, Theodore Ronald;orchestra
Bricoux, Roger Marie;orchestra
Clarke, John Frederick Preston;orchestra
Hartley, Wallace;orchestra
Hume, John Law;orchestra
Krins, Georges Alexandre;orchestra
Taylor, Percy Cornelius;orchestra
Woodward, John Wesley;orchestra
Rous, Mr. Arthur John;Plumber
Gwinn, Mr. William Logan;postal clerk
March, Mr. John Starr;postal clerk
"Smith, Mr. John Richard ""Jago""";postal clerk
Williamson, Mr. James Bertram;postal clerk
Woody, Mr. Oscar Scott;postal clerk
Allaria, Mr. Battista Antonio;Restaurant staff
Aspeslagh, Mr. Georges;Restaurant staff
Banfi, Mr. Ugo;Restaurant staff
Basilico, Mr. Giovanni;Restaurant staff
Bazzi, Mr. Narciso;Restaurant staff
Bernardi, Mr. Battista;Restaurant staff
Beux, Mr. David;Restaurant staff
Bietrix, Mr. George Baptiste;Restaurant staff
Blument, Mr. Jean Baptiste;Restaurant staff
Bochet, Mr. Pierre Giuseppe;Restaurant staff
"Bolhuis, Mr. Hendrik ""Hennie""";Restaurant staff
Bowker, Miss Ruth;Restaurant staff
Casali, Mr. Giulio;Restaurant staff
Chaboisson, Mr. Adrien Finnin;Restaurant staff
Cornaire, Mr. Marcel Raymond André;Restaurant staff
Coutin, Mr. Auguste Louis;Restaurant staff
Crovella, Mr. Luigi;Restaurant staff
De Marsico, Mr. Giovanni;Restaurant staff
Debreucq, Mr. Maurice Emile Victor;Restaurant staff
Desvernine, Mr. Louis Gabriel;Restaurant staff
Donati, Mr. Italo Francesco;Restaurant staff
Dornier, Mr. Louis Auguste;Restaurant staff
Fey, Mr. Carlo;Restaurant staff
Fioravante, Mr. Giuseppe Bertoldo;Restaurant staff
"Gatti, Mr. Gaspare Antonio Pietro ""Luigi""";Restaurant staff
Gilardino, Mr. Vincenzo Pio;Restaurant staff
Grosclaude, Mr. Gérald;Restaurant staff
Jaillet, Mr. Henri Marie;Restaurant staff
Janin, Mr. Claude Marie;Restaurant staff
Jeffery, Mr. William Alfred;Restaurant staff
Jouannault, Mr. Georges Jules;Restaurant staff
"Martin, Miss Margaret Edwina ""Mabel""";Restaurant staff
Mattmann, Mr. Adolf;Restaurant staff
Maugé, Mr. Paul Achille Maurice Germain;Restaurant staff
Monteverdi, Mr. Giovanni;Restaurant staff
Monrós, Mr. Joan Xavier;Restaurant staff
Nannini, Mr. Francesco Luigi;Restaurant staff
Pachera, Mr. Jean Baptiste Stanislas;Restaurant staff
Pedrini, Mr. Alessandro;Restaurant staff
Peracchio, Mr. Alberto;Restaurant staff
Peracchio, Mr. Sebastiano;Restaurant staff
Perotti, Mr. Alfonso;Restaurant staff
Phillips, Mr. Walter John;Restaurant staff
Piatti, Mr. Luigi;Restaurant staff
Piazza, Mr. Pompeo;Restaurant staff
Poggi, Mr. Emilio;Restaurant staff
Price, Mr. Ernest;Restaurant staff
Ratti, Mr. Enrico;Restaurant staff
Ricaldone, Mr. Rinaldo Renato;Restaurant staff
Rigozzi, Mr. Abele;Restaurant staff
Rotta, Mr. Angelo Mario;Restaurant staff
Rousseau, Mr. Pierre;Restaurant staff
Saccaggi, Mr. Giovanni Giuseppe Emilio;Restaurant staff
Salussolia, Mr. Giovanni;Restaurant staff
Sartori, Mr. Lazar;Restaurant staff
Scavino, Mr. Candido;Restaurant staff
Sesia, Mr. Giacomo;Restaurant staff
Testoni, Mr. Ercole;Restaurant staff
Tietz, Mr. Karl;Restaurant staff
Turvey, Mr. Charles;Restaurant staff
Urbini, Mr. Roberto;Restaurant staff
Valvassori, Mr. Ettore Luigi;Restaurant staff
Vicat, Mr. Alphonse Jean Eugene;Restaurant staff
Villvarlange, Mr. Pierre Léon Gabriel;Restaurant staff
Vine, Mr. H.;Restaurant staff
Vioni, Mr. Roberto;Restaurant staff
Voegelin-Dubach, Mr. Johannes;Restaurant staff
Zanetti, Mr. Minio;Restaurant staff
Zarracchi, Mr. L.;Restaurant staff
Farquharson, Mr. William Edward;engineer
Dyer, Mr. Henry Ryland;engineer
Wilson, Mr. Bertie;engineer
Parsons, Mr. Frank Alfred;engineer
Moyes, Mr. William Young;engineer
Hosking, Mr. George Fox;engineer
Allen, Mr. Ernest Frederick;Trimmer
Avery, Mr. James Frank;Trimmer
Bevis, Mr. Joseph Henry;Trimmer
Billow, Mr. J.;Trimmer
Binstead, Mr. Walter;Trimmer
Blake, Mr. Percival Albert;Trimmer
"Brewer, Mr. Henry ""Harry""";Trimmer
Brooks, Mr. J.;Trimmer
Calderwood, Mr. Hugh;Trimmer
Carr, Mr. Richard Stephen;Trimmer
Casey, Mr. T.;Trimmer
Cavell, Mr. George Henry;Trimmer
Coe, Mr. Harry;Trimmer
Cooper, Mr. James;Trimmer
Copperthwaite, Mr. B.;Trimmer
Cotton, Mr. A.;Trimmer
Crabb, Mr. H.;Trimmer
Dawson, Mr. Joseph[16];Trimmer
Dickson, Mr. W.;Trimmer
Dillon, Mr. Thomas Patrick;Trimmer
Dore, Mr. A.;Trimmer
Eagle, Mr. Alfred James;Trimmer
Elliott, Mr. Everett Edward;Trimmer
Evans, Mr. Williams;Trimmer
Ferrary, Mr. Anton;Trimmer
Ford. Mr. H.;Trimmer
Fredricks, Mr. Walter Francis;Trimmer
Fryer, Mr. Albert Ernest;Trimmer
Gordon, Mr. J.;Trimmer
Gosling, Mr. Bertram James;Trimmer
Gosling, S.;Trimmer
Green, Mr. George;Trimmer
Haslin, Mr. James;Trimmer
Hebb, Mr. A.;Trimmer
Hill, Mr. James;Trimmer
Hinton, Mr. Steven William;Trimmer
Hunt, Mr. Albert;Trimmer
Ingram, Mr. Charles;Trimmer
Kearl, Mr. G.;Trimmer
Lee. Mr. Henry;Trimmer
Long, Mr. Frank;Trimmer
Long, Mr. William;Trimmer
Maskell, Mr. L.A.;Trimmer
McGann, Mr. James;Trimmer
McInytre, Mr. William;Trimmer
Mitchell, Mr. Lawrence (Lorenzo);Trimmer
Moore, Mr. Ralph;Trimmer
Morgan, Mr. Arthur Herbert;Trimmer
Morrell, Mr. R. (Albert White);Trimmer
Morris, Mr. William Edward;Trimmer
O'Connor, Mr. John;Trimmer
Pelham, Mr. George;Trimmer
Perry, Mr. Edgar Lionel;Trimmer
Perry, Mr. Henry Frederick;Trimmer
Preston, Mr. Thomas Charles Alfred;Trimmer
Proudfoot, Mr. Richard Royston;Trimmer
Read, Mr. Joseph;Trimmer
Reed, Mr. Robert;Trimmer
Saunders, Mr. W.;Trimmer
Sheath, Mr. Frederick;Trimmer
Shillaber, Mr. Charles;Trimmer
Skeates, Mr. William;Trimmer
Smith, Mr. Ernest George;Trimmer
Snooks, Mr. W;Trimmer
Snowberger, Mr. Eustace Philip;Trimmer
Steel, Mr. Robert Edward;Trimmer
Stocker, Mr. Henry Dorey;Trimmer
Webb, Mr. Samuel Francis;Trimmer
White, Mr. Frank Leonard;Trimmer
White, Mr. William George;Trimmer
Wilton, Mr. William;Trimmer
Witt, Mr. F.;Trimmer
Wood, Mr. Henry;Trimmer
Abbott, Mr. Ernest Owen;Victualling crew
Ahier, Mr. Percy Snowden;Victualling crew
Akerman, Mr. Albert;Victualling crew
Akerman, Mr. Joseph Francis;Victualling crew
Allan, Mr. Robert Spencer;Victualling crew
Allen, Mr. George;Victualling crew
Allen, Mr. Frederick;Victualling crew
Allsop, Mr. Frank Richard;Victualling crew
Anderson, Mr. Walter J.;Victualling crew
Andrews, Mr. Charles Edward;Victualling crew
Ashcroft, Mr. Austin Aloysius;Victualling crew
Ashe, Mr. Henry Wellesley;Victualling crew
Ayling, Mr. George Edwin;Victualling crew
Back, Mr. Charles Frederick;Victualling crew
Baggott, Mr. Allen Marden;Victualling crew
Bagley, Mr. Edward Ernest;Victualling crew
Bailey, Mr. George Francis;Victualling crew
Ball, Mr. Percy;Victualling crew
Barker, Mr. Albert Vale;Victualling crew
Barker, Mr. Ernest T.;Victualling crew
Barker, Mr. Reginald Lomond;Victualling crew
Barlow, Mr. George;Victualling crew
Barnes, Mr. Frederick;Victualling crew
Barratt, Mr. Arthur;Victualling crew
Barringer, Mr. Arthur William;Victualling crew
Barrow, Mr. Harry;Victualling crew
Barrows, Mr. William;Victualling crew
Barton, Mr. Sidney John;Victualling crew
Baxter, Mr. Harry Ross;Victualling crew
Baxter, Mr. Thomas Ferguson;Victualling crew
Bedford, Mr. William Barnet;Victualling crew
Beedem, Mr. George Arthur;Victualling crew
Beere, Mr. William;Victualling crew
Benham, Mr. Frederick;Victualling crew
Bennett, Mrs. Mabel;Victualling crew
Bessant, Mr. Edward William;Victualling crew
Best, Mr. Alfred;Victualling crew
Blake, Mr. Seaton;Victualling crew
Bishop, Mr. Walter Alexander;Victualling crew
Bliss, Mrs. Emma (née Junod);Victualling crew
Bochatay, Mr. Alexis Joseph;Victualling crew
Bogie, Mr. Norman Leslie;Victualling crew
Bond, Mr. William John;Victualling crew
Boothby, Mr. W.;Victualling crew
Boston, Mr. William John;Victualling crew
Boughton, Mr. B.;Victualling crew
Boyd, Mr. John;Victualling crew
Boyes, Mr. John Henry;Victualling crew
Bradshaw, Mr. J.A.;Victualling crew
Brewster, Mr. George H.;Victualling crew
Bride, Mr. Harold Sydney;Victualling crew
Bristow, Mr. Robert Charles;Victualling crew
Bristow, Mr. Harry;Victualling crew
Brookman, Mr, John;Victualling crew
Broom, Mr. H.;Victualling crew
Broome, Mr. Athol Frederick;Victualling crew
Brown, Mr. Edward;Victualling crew
Brown, Mr. Walter James;Victualling crew
Buckley, Mr. H.E.;Victualling crew
Bull, Mr. W.;Victualling crew
Bulley, Mr. Henry Ashburnham;Victualling crew
Bunnell, Mr. Wilfred;Victualling crew
Burgess, Mr. Charles Reginald;Victualling crew
Burke, Mr. Richard Edward;Victualling crew
Burke, Mr. William;Victualling crew
Burr, Mr. Ewart;Victualling crew
Burrage, Mr. Alfred;Victualling crew
Butt, Mr. Robert Henry;Victualling crew
Butterworth, Mr. John;Victualling crew
Byrne, Mr. J.E.;Victualling crew
Campbell, Mr. Donald S.;Victualling crew
Carney, Mr. William;Victualling crew
Cartwright, Mr. James Edward;Victualling crew
Casswill, Mr. Charles;Victualling crew
Caton, Miss Annie;Victualling crew
Caunt, Mr. William Ewart;Victualling crew
Cave, Mr. Herbert;Victualling crew
Cecil, Mr. C.;Victualling crew
Chapman, Mr. Joseph Charles;Victualling crew
Charman, Mr. John;Victualling crew
Cheverton, Mr. William Edward;Victualling crew
Chitty, Mr. Archibald George;Victualling crew
Chitty, Mr. George Henry;Victualling crew
Christmas, Mr. H.;Victualling crew
Coleman, Mr. Albert Edward;Victualling crew
Coleman, Mr. John;Victualling crew
Colgan, Mr. E. Joseph;Victualling crew
Collins, Mr. John;Victualling crew
Conway, Mr. P.W.;Victualling crew
Cook, Mr. George;Victualling crew
Coombs, Mr. Augustus Charles;Victualling crew
Corben, Mr. Ernest Theodore;Victualling crew
Coutin, Mr. Auguste Louis;Victualling crew
Cox, Mr. William Denton;Victualling crew
Crafter, Mr. Frederick;Victualling crew
Crawford, Mr. Alfred;Victualling crew
Crisp, Mr. Albert Hector;Victualling crew
Crispin, Mr. William;Victualling crew
Crosby, Mr. J. Bertram;Victualling crew
Crowe, Mr. George Frederick;Victualling crew
Crumplin, Mr. Charles;Victualling crew
Cullen, Mr. Charles;Victualling crew
Cunningham, Mr. Andrew;Victualling crew
Daniels, Mr. Sidney Edward;Victualling crew
Dashwood, Mr. William George;Victualling crew
Davies, Mr. Gordon Raleigh;Victualling crew
Davies, Mr. John James;Victualling crew
Davies, Mr. Robert J.;Victualling crew
Dean, Mr. George H.;Victualling crew
Deeble, Mr. Alfred Arnold;Victualling crew
Derrett, Mr. Albert;Victualling crew
Deslands, Mr. Percival Stainer;Victualling crew
Desvernine, Mr. Louis Gabriel;Victualling crew
Dinenage, Mr. James Richard;Victualling crew
Dodd, Mr. George Charles;Victualling crew
Dolby, Mr. Joseph;Victualling crew
Donoghue, Mr. Frank;Victualling crew
Doughty, Mr. W.;Victualling crew
Dunford, Mr. William;Victualling crew
Dyer, Mr. William;Victualling crew
Edbrooke, Mr. F.;Victualling crew
Ede, Mr. George B.;Victualling crew
Edge, Mr. Frederick William;Victualling crew
Edwards, Mr. Clement;Victualling crew
Egg, Mr. W.H.;Victualling crew
Ellis, Mr. John Bertram;Victualling crew
Ennis, Mr. Walter;Victualling crew
Etches, Mr. Henry Samuel;Victualling crew
Evans, Mr. George Richard;Victualling crew
Fairall, Mr. Henry;Victualling crew
Farrenden, Mr. Ernest John;Victualling crew
Faulkner, Mr. William Stephen;Victualling crew
Fellowes, Mr. Alfred J.;Victualling crew
Feltham, Mr. G.;Victualling crew
Finch, Mr. Harry;Victualling crew
Fletcher, Mr. Peter W.;Victualling crew
Foley, Mr. William C.;Victualling crew
Ford, Mr. Ernest;Victualling crew
Ford, Mr. F.;Victualling crew
Fox, Mr. William Thomas;Victualling crew
Franklin, Mr. Alan Vincent;Victualling crew
Freeman, Mr. Ernest Edward Samuel;Victualling crew
Geddes, Mr. Richard Charles;Victualling crew
Gibbons, Mr. Jacob William;Victualling crew
Giles, Mr. John Robert;Victualling crew
Gill, Mr. Joseph Stanley;Victualling crew
Gill, Mr. Patrick;Victualling crew
Gold, Mrs. Katherine (née Cook);Victualling crew
Gollop, Mr. F.;Victualling crew
Goshawk, Mr. Arthur James;Victualling crew
Gregson, Miss Mary;Victualling crew
Gunn, Mr. Joseph Alfred;Victualling crew
Guy, Mr. Edward John;Victualling crew
Halford, Mr. Richard;Victualling crew
Hall, Mr. F.A.J.;Victualling crew
Hamblyn, Mr. Ernest William;Victualling crew
Hamilton, Mr. Ernest;Victualling crew
Harding, Mr. A.;Victualling crew
Hardwick, Mr. Reginald;Victualling crew
Hardy, Mr. John T.;Victualling crew
Harris, Mr. Charles William;Victualling crew
Harris, Mr. Clifford Henry;Victualling crew
Harris, Mr. Edward;Victualling crew
Harrison, Mr. Aragon D.;Victualling crew
Hart, Mr. John Edward;Victualling crew
Hartnell, Mr. Frederick;Victualling crew
Hatch, Mr. Hugh;Victualling crew
Hawkesworth, Mr. James;Victualling crew
Hawkesworth, Mr. William Walter;Victualling crew
Hayter, Mr. Arthur;Victualling crew
Heinen, Mr. Joseph;Victualling crew
Hendy, Mr. Edward Martin;Victualling crew
Hensford, Mr. Herbert George;Victualling crew
Hewett, Mr. Thomas;Victualling crew
Hill, Mr. H.P.;Victualling crew
Hill, Mr. James Colston;Victualling crew
Hinckley, Mr. George;Victualling crew
Hine, Mr. William Edward;Victualling crew
Hiscock, Mr. S.;Victualling crew
Hoare, Mr. Leonard James;Victualling crew
Hogg, Mr. Charles William;Victualling crew
Hogue, Mr. E.;Victualling crew
Holland, Mr. Thomas;Victualling crew
Holloway, Mr. Sidney;Victualling crew
Hopkins, Mr. F.;Victualling crew
House, Mr. William;Victualling crew
Howell, Mr. Arthur Albert;Victualling crew
Hughes, Mr. William Thomas;Victualling crew
Humby, Mr. Frederick;Victualling crew
Humphreys, Mr. Thomas Humphrey;Victualling crew
Hutchinson, Mr. James;Victualling crew
Hyland, Mr. Leo James;Victualling crew
Ide, Mr. Harry John;Victualling crew
Ingrouille, Mr. Henry;Victualling crew
Ings, Mr. William Ernest;Victualling crew
Jackson, Mr. Cecil;Victualling crew
Janaway, Mr. William Frank;Victualling crew
Jenner, Mr. Harry;Victualling crew
Jensen, Mr. Charles Valdemar;Victualling crew
Jessop, Miss Violet Constance;Victualling crew
Johnson Thorne, Mr. Harry;Victualling crew
Johnston, Mr. James;Victualling crew
Jones, Mr. Albert;Victualling crew
Jones, Mr. Arthur Ernest;Victualling crew
Jones, Mr. H.;Victualling crew
Jones, Mr. Reginald V.;Victualling crew
Joughin, Mr. Charles John;Victualling crew
Keen, Mr. Percy Edward;Victualling crew
Kelland, Mr. Thomas;Victualling crew
Kennell, Mr. Charles;Victualling crew
Kerley, Mr. William Thomas;Victualling crew
Ketchley, Mr. Henry;Victualling crew
Kieran, Mr. James W.;Victualling crew
Kieran, Mr. Michael;Victualling crew
King, Mr. Alfred;Victualling crew
King, Mr. Ernest Waldron;Victualling crew
King, Mr. G.;Victualling crew
Kingscote, Mr. William Ford;Victualling crew
Kirkaldy, Mr. Thomas;Victualling crew
Kitching, Mr. Arthur Alfred;Victualling crew
Klein, Mr. Herbert;Victualling crew
Knight, Mr. George;Victualling crew
Knight, Mr. Leonard George;Victualling crew
Lacey, Mr. Bert W.;Victualling crew
Lake, Mr. William;Victualling crew
Lane, Mr. Albert Edward;Victualling crew
Latimer, Mr. Andrew L.;Victualling crew
Lavington, Miss Bessie;Victualling crew
Lawrence, Mr. Arthur;Victualling crew
Leader, Mr. Archie;Victualling crew
Leather, Mrs Elizabeth May;Victualling crew
Lefebvre, Mr. Paul Georges;Victualling crew
Leonard, Mr. Matthew;Victualling crew
Levett, Mr. George Alfred;Victualling crew
Lewis, Mr. Arthur Ernest;Victualling crew
Light, Mr. C.;Victualling crew
Littlejohn, Mr. Alexander James;Victualling crew
Lloyd, Mr. Humphrey;Victualling crew
Locke, Mr. A.;Victualling crew
Longmuir, Mr. John Dickson;Victualling crew
Lovell, Mr. John;Victualling crew
Lucas, Mr. William;Victualling crew
Lydiatt, Mr. Charles;Victualling crew
Mabey, Mr. J.;Victualling crew
Mackay, Mr. Charles Donald;Victualling crew
Mackie, Mr. George William;Victualling crew
Major, Mr. Thomas Edgar;Victualling crew
Mantle, Mr. Roland Frederick;Victualling crew
Marks, Mr. J.;Victualling crew
Marriott, Mr. J.W.;Victualling crew
Marsden, Miss Evelyn;Victualling crew
Martin, Mrs. Annie;Victualling crew
Martin, Mr. F.;Victualling crew
Maynard, Mr. Isaac Hiram;Victualling crew
Maytum, Mr. Alfred;Victualling crew
McCarthy, Mr. Frederick;Victualling crew
McCawley, Mr. Thomas W.;Victualling crew
McElroy, Mr. Hugh Walter;Victualling crew
McGrady, Mr. James;Victualling crew
McLaren, Mrs.;Victualling crew
McMicken, Mr. Arthur;Victualling crew
McMicken, Mr. Benjamin Tucker;Victualling crew
McMullin, Mr. James;Victualling crew
McMurray, Mr. William Ernest;Victualling crew
Mellor, Mr. Arthur;Victualling crew
Middleton, Mr. M.V.;Victualling crew
Mills, Mr. Christopher;Victualling crew
Mishellamy, Mr. Abraham;Victualling crew
Moore, Mr. Alfred Ernest;Victualling crew
Morgan (Bird), Mr. Charles Frederick;Victualling crew
Morris, Mr. Frank Herbert;Victualling crew
Moss, Mr. William;Victualling crew
Mullen, Mr. Thomas A.;Victualling crew
Neal, Mr. Henry;Victualling crew
Nicholls, Mr. Sidney;Victualling crew
Nichols, Mr. A. D.;Victualling crew
Nichols, Mr. Walter Henry;Victualling crew
O'Connor, Mr. Thomas Peter;Victualling crew
Olive, Mr. Ernest Roskelly;Victualling crew
Orpet, Mr. Walter Hayward;Victualling crew
Orr, Mr. J.;Victualling crew
Osbourne, Mr. William Edward;Victualling crew
Owen, Mr. Lewis;Victualling crew
Pacey, Mr. Reginald Ivan;Victualling crew
Paintin, Mr. James Arthur;Victualling crew
Parsons, Mr. Edward;Victualling crew
Parsons, Mr. Richard;Victualling crew
Pearce, Mr. Alfred Ernest;Victualling crew
Pearcey, Mr. Albert Victor;Victualling crew
Pennal, Mr. Thomas Francis;Victualling crew
Penny, Mr. William Far;Victualling crew
Penrose, Mr. John Poole;Victualling crew
Perkins, Mr. Laurence Alexander;Victualling crew
Perrin, Mr. William Charles;Victualling crew
Perriton, Mr. Hubert Prouse;Victualling crew
Petty, Mr. Edwin Henry;Victualling crew
Pfropper, Mr. Richard;Victualling crew
Phillimore, Mr. Harold Charles William;Victualling crew
"Phillips, Mr. John George ""Jack""";Victualling crew
Platt, Mr. W.;Victualling crew
Pook, Mr. P.;Victualling crew
Port, Mr. Frank;Victualling crew
Porteus, Mr. Thomas;Victualling crew
Prentice, Mr. Frank Winnold;Victualling crew
Prichard, Mrs. Alice;Victualling crew
"Prideaux, Mr. John Arthur ""Jack""";Victualling crew
Prior, Mr. Harold John;Victualling crew
Proctor, Mr. Charles;Victualling crew
Pryce, Mr. Charles William;Victualling crew
Pugh, Mr. Alfred;Victualling crew
Pusey, Mr. John E.;Victualling crew
Randall, Mr. Frank Henry;Victualling crew
Ransom, Mr. James;Victualling crew
Rattonbury, Mr. William Henry;Victualling crew
Ray, Mr. Frederick Dent;Victualling crew
Reed, Mr. Charles S.;Victualling crew
Revell, Mr. William;Victualling crew
Rice, Mr. John Reginald;Victualling crew
Rice, Mr. John Reginald;Victualling crew
Ricks, Mr. Cyril G.;Victualling crew
Ridout, Mr. W.;Victualling crew
Rimmer, Mr. Gilbert;Victualling crew
Roberton, Mr. George Edward;Victualling crew
Roberts, Mr. Frank John;Victualling crew
Roberts, Mr. Hugh H.;Victualling crew
Roberts, Mrs. Mary Kezziah (née Humphrys);Victualling crew
Robinson, Mrs. Annie;Victualling crew
Robinson, Mr. James William;Victualling crew
Rogers, Mr. Edward James William;Victualling crew
Rogers, Mr. Michael;Victualling crew
Ross, Mr. Horace Leopold;Victualling crew
Rowe, Mr. Edward M.;Victualling crew
Rule, Mr. Samuel James;Victualling crew
Russell, Mr. Boysie Richard;Victualling crew
Ryan, Mr. Tom;Victualling crew
Ryerson, Mr. William Edwy;Victualling crew
Samuel, Mr. Owen Wilmore;Victualling crew
Saunders, Mr. D. E.;Victualling crew
Savage, Mr. Charles J.;Victualling crew
Scott, Mr. John;Victualling crew
Scovell, Mr. Robert;Victualling crew
Sedunary, Mr. Sidney Francis;Victualling crew
Shea, Mr. John;Victualling crew
Slight, Mr. Harry John;Victualling crew
Sloan, Miss Mary;Victualling crew
Slocombe, Mrs Maud (née Waldon);Victualling crew
Smillie, Mr. John;Victualling crew
Smith, Mr. Charles Edward;Victualling crew
Smith, Mr. F;Victualling crew
Smith, Miss Katherine E.;Victualling crew
Snape, Mrs Lucy Violet;Victualling crew
Stap, Miss Sarah Agnes;Victualling crew
Stone, Mr. Edmond J.;Victualling crew
Stone, Mr. Edward Thomas;Victualling crew
Talbot, Mr. George Frederick Charles.;Victualling crew
Taylor, Mr. William;Victualling crew
Teuton, Mr. Thomas Moore;Victualling crew
Turner, Mr. Leopold[24];Victualling crew
Veal, Mr. Thomas H.E.;Victualling crew
Wake, Mr. T.;Victualling crew
Wallis, Mrs Catherine Jane;Victualling crew
Walpole, Mr. James;Victualling crew
Walsh, Miss Catherine;Victualling crew
Ward, Mr. Edward;Victualling crew
Ward, Mr. Percy T.;Victualling crew
Ward, Mr. William;Victualling crew
Wareham, Mr. Robert Arthur;Victualling crew
Warwick, Mr. Thomas;Victualling crew
Weatherston, Mr. Thomas;Victualling crew
Weikman, Mr. Augustus Henry;Victualling crew
White, Mr. Arthur;Victualling crew
White, Mr Edward Joseph;Victualling crew
White, Mr. L.;Victualling crew
Whiteley, Mr. Thomas;Victualling crew
Whitford, Mr. A.H.;Victualling crew
Whittman, Mr. Henry;Victualling crew
Widgery, Mr. James G.;Victualling crew
Wildebank, Mr. Alfred E.;Victualling crew
Williams, Mr. Walter J.;Victualling crew
Willis, Mr. William;Victualling crew
Wiltshire, Mr. W.;Victualling crew
Witter, Mr. James W.C.;Victualling crew
Wood, Mr. J.T.;Victualling crew
Wormald, Mr. Frederick William;Victualling crew
Wrapson, Mr. Frederick B.;Victualling crew
Wright, Mr. Frederick;Victualling crew
Wright, Mr. William;Victualling crew
Yearsley, Mr. Harry;Victualling crew
Yoshack, Mr. James A.;Victualling crew
Duffy, Mr. William Luke;engineer
